{
  "IcoMoonType": "selection",
  "icons": [
    {
      "icon": {
        "paths": [
          "M1024 768v73.143c0 20-16.571 36.571-36.571 36.571h-950.857c-20 0-36.571-16.571-36.571-36.571v-73.143c0-20 16.571-36.571 36.571-36.571h950.857c20 0 36.571 16.571 36.571 36.571zM1024 548.571v73.143c0 20-16.571 36.571-36.571 36.571h-731.429c-20 0-36.571-16.571-36.571-36.571v-73.143c0-20 16.571-36.571 36.571-36.571h731.429c20 0 36.571 16.571 36.571 36.571zM1024 329.143v73.143c0 20-16.571 36.571-36.571 36.571h-877.714c-20 0-36.571-16.571-36.571-36.571v-73.143c0-20 16.571-36.571 36.571-36.571h877.714c20 0 36.571 16.571 36.571 36.571zM1024 109.714v73.143c0 20-16.571 36.571-36.571 36.571h-658.286c-20 0-36.571-16.571-36.571-36.571v-73.143c0-20 16.571-36.571 36.571-36.571h658.286c20 0 36.571 16.571 36.571 36.571z"
        ],
        "attrs": [
          {}
        ],
        "isMulticolor": false,
        "isMulticolor2": false,
        "tags": [
          "align-right"
        ],
        "grid": 14
      },
      "attrs": [
        {}
      ],
      "properties": {
        "order": 1,
        "id": 1,
        "prevSize": 28,
        "code": 59658,
        "name": "align-right2"
      },
      "setIdx": 0,
      "setId": 7,
      "iconIdx": 0
    },
    {
      "icon": {
        "paths": [
          "M632.571 501.143l-424 424c-14.286 14.286-37.143 14.286-51.429 0l-94.857-94.857c-14.286-14.286-14.286-37.143 0-51.429l303.429-303.429-303.429-303.429c-14.286-14.286-14.286-37.143 0-51.429l94.857-94.857c14.286-14.286 37.143-14.286 51.429 0l424 424c14.286 14.286 14.286 37.143 0 51.429z"
        ],
        "attrs": [
          {}
        ],
        "width": 695,
        "isMulticolor": false,
        "isMulticolor2": false,
        "tags": [
          "chevron-right"
        ],
        "grid": 14
      },
      "attrs": [
        {}
      ],
      "properties": {
        "order": 2,
        "id": 0,
        "prevSize": 28,
        "code": 59659,
        "name": "chevron-right3"
      },
      "setIdx": 0,
      "setId": 7,
      "iconIdx": 1
    },
    {
      "icon": {
        "paths": [
          "M797.867 482.133l-213.333-213.333c-17.067-17.067-42.667-17.067-59.733 0s-17.067 42.667 0 59.733l183.467 183.467-183.467 183.467c-17.067 17.067-17.067 42.667 0 59.733 8.533 8.533 21.333 12.8 29.867 12.8s21.333-4.267 29.867-12.8l213.333-213.333c17.067-17.067 17.067-42.667 0-59.733z",
          "M499.2 482.133l-213.333-213.333c-17.067-17.067-42.667-17.067-59.733 0s-17.067 42.667 0 59.733l183.467 183.467-183.467 183.467c-17.067 17.067-17.067 42.667 0 59.733 8.533 8.533 17.067 12.8 29.867 12.8s21.333-4.267 29.867-12.8l213.333-213.333c17.067-17.067 17.067-42.667 0-59.733z"
        ],
        "attrs": [
          {},
          {}
        ],
        "isMulticolor": false,
        "isMulticolor2": false,
        "tags": [
          "chevrons-right"
        ],
        "grid": 24
      },
      "attrs": [
        {},
        {}
      ],
      "properties": {
        "order": 1,
        "id": 2,
        "prevSize": 24,
        "code": 59655,
        "name": "chevrons-right"
      },
      "setIdx": 1,
      "setId": 6,
      "iconIdx": 0
    },
    {
      "icon": {
        "paths": [
          "M896 384h-597.333c-25.6 0-42.667 17.067-42.667 42.667s17.067 42.667 42.667 42.667h597.333c25.6 0 42.667-17.067 42.667-42.667s-17.067-42.667-42.667-42.667z",
          "M128 298.667h768c25.6 0 42.667-17.067 42.667-42.667s-17.067-42.667-42.667-42.667h-768c-25.6 0-42.667 17.067-42.667 42.667s17.067 42.667 42.667 42.667z",
          "M896 554.667h-768c-25.6 0-42.667 17.067-42.667 42.667s17.067 42.667 42.667 42.667h768c25.6 0 42.667-17.067 42.667-42.667s-17.067-42.667-42.667-42.667z",
          "M896 725.333h-597.333c-25.6 0-42.667 17.067-42.667 42.667s17.067 42.667 42.667 42.667h597.333c25.6 0 42.667-17.067 42.667-42.667s-17.067-42.667-42.667-42.667z"
        ],
        "attrs": [
          {},
          {},
          {},
          {}
        ],
        "isMulticolor": false,
        "isMulticolor2": false,
        "tags": [
          "align-right"
        ],
        "grid": 24
      },
      "attrs": [
        {},
        {},
        {},
        {}
      ],
      "properties": {
        "order": 2,
        "id": 1,
        "prevSize": 24,
        "code": 59656,
        "name": "align-right"
      },
      "setIdx": 1,
      "setId": 6,
      "iconIdx": 1
    },
    {
      "icon": {
        "paths": [
          "M669.867 482.133l-256-256c-17.067-17.067-42.667-17.067-59.733 0s-17.067 42.667 0 59.733l226.133 226.133-226.133 226.133c-17.067 17.067-17.067 42.667 0 59.733 8.533 8.533 17.067 12.8 29.867 12.8s21.333-4.267 29.867-12.8l256-256c17.067-17.067 17.067-42.667 0-59.733z"
        ],
        "attrs": [
          {}
        ],
        "isMulticolor": false,
        "isMulticolor2": false,
        "tags": [
          "chevron-right"
        ],
        "grid": 24
      },
      "attrs": [
        {}
      ],
      "properties": {
        "order": 3,
        "id": 0,
        "prevSize": 24,
        "code": 59657,
        "name": "chevron-right2"
      },
      "setIdx": 1,
      "setId": 6,
      "iconIdx": 2
    },
    {
      "icon": {
        "paths": [
          "M678.4 512l-365.619-379.904c-13.722-13.824-13.722-36.198 0-50.125 13.722-13.824 35.891-13.824 49.613 0l400.896 404.89c13.722 13.875 13.722 36.301 0 50.125l-400.896 404.89c-13.722 13.875-35.891 13.824-49.613 0-13.722-13.773-13.722-36.198 0-50.125l365.619-379.75z"
        ],
        "attrs": [
          {}
        ],
        "isMulticolor": false,
        "isMulticolor2": false,
        "tags": [
          "chevron-thin-right"
        ],
        "grid": 20
      },
      "attrs": [
        {}
      ],
      "properties": {
        "order": 1,
        "id": 2,
        "prevSize": 20,
        "code": 59651,
        "name": "chevron-thin-right"
      },
      "setIdx": 2,
      "setId": 5,
      "iconIdx": 0
    },
    {
      "icon": {
        "paths": [
          "M563.2 512l-160.819-175.104c-13.722-13.824-13.722-36.198 0-50.074 13.722-13.824 35.891-13.824 49.613 0l196.096 200.090c13.722 13.875 13.722 36.301 0 50.125l-196.096 200.090c-13.67 13.926-35.891 13.824-49.613 0-13.722-13.773-13.722-36.198 0-50.074l160.819-175.053z"
        ],
        "attrs": [
          {}
        ],
        "isMulticolor": false,
        "isMulticolor2": false,
        "tags": [
          "chevron-small-right"
        ],
        "grid": 20
      },
      "attrs": [
        {}
      ],
      "properties": {
        "order": 2,
        "id": 1,
        "prevSize": 20,
        "code": 59652,
        "name": "chevron-small-right"
      },
      "setIdx": 2,
      "setId": 5,
      "iconIdx": 1
    },
    {
      "icon": {
        "paths": [
          "M469.146 231.219c21.402 20.89 230.502 240.384 230.502 240.384 11.418 11.213 17.152 25.805 17.152 40.397s-5.734 29.184-17.152 40.294c0 0-209.101 219.597-230.502 240.384-21.402 20.89-59.904 22.323-82.688 0-22.835-22.221-24.627-53.299 0-80.589l191.846-200.090-191.846-200.090c-24.627-27.29-22.835-58.419 0-80.691 22.784-22.323 61.286-20.941 82.688 0z"
        ],
        "attrs": [
          {}
        ],
        "isMulticolor": false,
        "isMulticolor2": false,
        "tags": [
          "chevron-right"
        ],
        "grid": 20
      },
      "attrs": [
        {}
      ],
      "properties": {
        "order": 3,
        "id": 0,
        "prevSize": 20,
        "code": 59654,
        "name": "chevron-right"
      },
      "setIdx": 2,
      "setId": 5,
      "iconIdx": 2
    },
    {
      "icon": {
        "paths": [
          "M874.095 149.926c-199.648-199.651-524.504-199.651-724.152 0-70.048 70.048-117.964 158.050-138.571 254.496-20.062 93.91-13.491 191.207 19.003 281.366 3.904 10.827 15.849 16.44 26.672 12.539 10.83-3.904 16.443-15.846 12.539-26.672-29.854-82.837-35.891-172.232-17.454-258.529 18.92-88.558 62.935-169.384 127.283-233.732 183.399-183.399 481.809-183.399 665.208 0 87.339 87.342 136.23 203.441 137.665 326.916 1.435 123.25-44.498 240.276-129.329 329.515-1.004 1.056-1.997 2.119-2.991 3.182-1.758 1.879-3.512 3.762-5.346 5.596-183.399 183.399-481.809 183.399-665.208 0-0.976-0.976-1.928-1.969-2.869-2.963-0.049-1.924-0.090-3.821-0.090-5.689 0-4.196 0.080-8.374 0.233-12.539 0.052-1.393 0.156-2.772 0.226-4.161 0.135-2.768 0.264-5.537 0.465-8.291 0.122-1.643 0.299-3.268 0.445-4.904 0.219-2.483 0.424-4.967 0.695-7.437 0.191-1.744 0.441-3.473 0.66-5.21 0.295-2.345 0.577-4.696 0.924-7.030 0.264-1.778 0.577-3.539 0.868-5.307 0.372-2.275 0.733-4.55 1.153-6.811 0.33-1.789 0.709-3.56 1.070-5.339 0.448-2.22 0.889-4.442 1.382-6.648 0.399-1.789 0.844-3.567 1.271-5.346 0.521-2.171 1.039-4.342 1.601-6.495 0.469-1.785 0.976-3.557 1.469-5.332 0.594-2.126 1.184-4.255 1.82-6.367 0.531-1.771 1.101-3.529 1.664-5.287 0.667-2.088 1.334-4.179 2.039-6.249 0.597-1.747 1.223-3.484 1.848-5.221 0.74-2.056 1.483-4.113 2.261-6.155 0.66-1.726 1.344-3.435 2.032-5.148 0.809-2.018 1.626-4.036 2.473-6.037 0.722-1.702 1.466-3.39 2.216-5.078 0.879-1.983 1.768-3.96 2.685-5.922 0.782-1.671 1.58-3.331 2.39-4.988 0.952-1.949 1.914-3.894 2.9-5.821 0.837-1.632 1.688-3.258 2.553-4.877 1.021-1.917 2.060-3.828 3.119-5.728 0.893-1.598 1.796-3.189 2.713-4.769 1.091-1.879 2.199-3.748 3.328-5.61 0.948-1.563 1.907-3.119 2.879-4.668 1.16-1.841 2.338-3.671 3.532-5.488 1-1.525 2.008-3.043 3.032-4.55 1.226-1.806 2.48-3.591 3.744-5.373 1.052-1.483 2.105-2.963 3.182-4.425 1.296-1.764 2.619-3.512 3.949-5.248 1.101-1.438 2.199-2.876 3.324-4.297 1.365-1.726 2.761-3.432 4.161-5.13 1.143-1.389 2.285-2.779 3.453-4.151 1.438-1.688 2.907-3.352 4.38-5.012 1.188-1.341 2.369-2.685 3.578-4.005 1.507-1.646 3.046-3.262 4.588-4.877 1.23-1.292 2.452-2.588 3.703-3.862 1.58-1.605 3.196-3.175 4.807-4.752 1.264-1.233 2.518-2.48 3.803-3.696 1.66-1.57 3.359-3.102 5.050-4.637 1.292-1.171 2.567-2.355 3.876-3.508 1.747-1.539 3.539-3.032 5.321-4.536 1.306-1.101 2.598-2.22 3.921-3.303 1.844-1.507 3.734-2.97 5.616-4.442 1.313-1.025 2.605-2.074 3.932-3.081 1.983-1.504 4.008-2.956 6.030-4.415 1.275-0.924 2.525-1.869 3.817-2.775 2.23-1.567 4.512-3.077 6.787-4.595 1.122-0.747 2.22-1.521 3.348-2.258 2.966-1.928 5.985-3.793 9.024-5.634 0.472-0.285 0.931-0.59 1.407-0.875 3.515-2.105 7.079-4.147 10.684-6.134 1.233-0.677 2.501-1.313 3.748-1.976 2.393-1.278 4.779-2.567 7.214-3.789 1.56-0.785 3.157-1.521 4.731-2.282 1.987-0.962 3.967-1.935 5.978-2.862 37.773 36.082 88.162 56.509 140.464 56.509s102.695-20.431 140.468-56.516c73.737 34.126 134.087 95.359 166.852 169.821 4.634 10.531 16.926 15.321 27.468 10.684 10.535-4.637 15.318-16.936 10.681-27.468-35.839-81.451-98.231-146.539-177.206-185.83 22.914-33.612 35.311-73.303 35.311-114.261 0-112.25-91.323-203.573-203.573-203.573-11.507 0-20.84 9.333-20.84 20.84s9.333 20.84 20.84 20.84c89.27 0 161.892 72.625 161.892 161.892 0 39.916-14.835 78.353-41.768 108.221-0.003 0.003-0.007 0.007-0.010 0.010-30.753 34.102-74.532 53.661-120.117 53.661s-89.367-19.559-120.117-53.661c-0.003-0.007-0.010-0.010-0.017-0.014-26.929-29.878-41.761-68.304-41.761-108.214 0-43.57 17.058-84.445 48.034-115.088 8.183-8.096 8.253-21.292 0.156-29.472-8.093-8.187-21.288-8.249-29.472-0.16-38.947 38.52-60.399 89.916-60.399 144.705 0 40.917 12.365 80.579 35.241 114.174-0.205 0.101-0.403 0.212-0.604 0.316-1.626 0.813-3.213 1.674-4.825 2.504-2.47 1.278-4.946 2.549-7.381 3.88-1.723 0.938-3.407 1.924-5.113 2.886-2.275 1.289-4.554 2.57-6.797 3.901-1.74 1.035-3.453 2.105-5.175 3.164-2.154 1.327-4.307 2.65-6.429 4.015-1.733 1.115-3.435 2.261-5.148 3.4-2.060 1.372-4.116 2.751-6.144 4.161-1.705 1.188-3.39 2.4-5.075 3.612-1.98 1.428-3.953 2.862-5.901 4.324-1.671 1.254-3.321 2.525-4.967 3.803-1.91 1.483-3.807 2.977-5.682 4.495-1.626 1.313-3.237 2.643-4.842 3.981-1.844 1.542-3.675 3.102-5.488 4.679-1.573 1.365-3.136 2.741-4.686 4.133-1.789 1.608-3.553 3.234-5.307 4.873-1.514 1.414-3.025 2.831-4.519 4.272-1.733 1.674-3.439 3.373-5.141 5.078-1.452 1.455-2.904 2.907-4.328 4.383-1.685 1.747-3.338 3.526-4.988 5.304-1.379 1.487-2.768 2.966-4.123 4.477-1.65 1.834-3.255 3.706-4.866 5.571-1.296 1.501-2.602 2.987-3.873 4.505-1.636 1.956-3.22 3.949-4.814 5.936-1.184 1.48-2.393 2.938-3.557 4.436-1.674 2.154-3.293 4.349-4.918 6.537-1.021 1.375-2.070 2.727-3.070 4.116-2.056 2.848-4.047 5.738-6.019 8.642-0.518 0.764-1.066 1.507-1.58 2.275-2.456 3.668-4.842 7.378-7.166 11.129-0.802 1.296-1.556 2.619-2.341 3.921-1.504 2.497-3.015 4.991-4.463 7.523-0.903 1.58-1.758 3.189-2.636 4.783-1.268 2.292-2.543 4.578-3.758 6.898-0.903 1.719-1.758 3.46-2.636 5.193-1.132 2.237-2.268 4.47-3.355 6.731-0.865 1.799-1.688 3.619-2.525 5.429-1.028 2.233-2.060 4.463-3.046 6.718-0.813 1.858-1.591 3.734-2.372 5.606-0.941 2.247-1.876 4.495-2.772 6.759-0.754 1.903-1.476 3.817-2.199 5.731-0.854 2.272-1.698 4.547-2.511 6.836-0.688 1.942-1.355 3.894-2.015 5.849-0.775 2.296-1.528 4.599-2.258 6.916-0.622 1.969-1.223 3.946-1.813 5.926-0.695 2.338-1.365 4.682-2.015 7.037-0.549 1.987-1.087 3.977-1.605 5.978-0.615 2.379-1.198 4.769-1.768 7.166-0.476 2.001-0.948 3.998-1.389 6.006-0.535 2.428-1.032 4.87-1.518 7.315-0.399 2.001-0.806 4.001-1.174 6.012-0.455 2.494-0.865 5.002-1.271 7.513-0.32 1.98-0.656 3.956-0.945 5.943-0.379 2.591-0.698 5.196-1.025 7.801-0.24 1.931-0.504 3.859-0.716 5.797-0.299 2.73-0.528 5.478-0.768 8.225-0.16 1.83-0.351 3.654-0.483 5.495-0.222 3.067-0.368 6.148-0.518 9.232-0.073 1.532-0.188 3.053-0.243 4.588-0.167 4.627-0.261 9.271-0.261 13.932 0 5.033 0.17 9.792 0.375 15.047 0.049 1.216 0.219 2.397 0.462 3.55 0.021 0.090 0.031 0.181 0.052 0.271 0.257 1.136 0.618 2.226 1.052 3.282 0.042 0.104 0.080 0.208 0.125 0.313 0.448 1.042 0.983 2.035 1.587 2.98 0.076 0.118 0.149 0.236 0.226 0.351 0.622 0.927 1.313 1.799 2.067 2.612 0.056 0.059 0.094 0.132 0.149 0.191l2.751 2.928c2.077 2.223 4.154 4.439 6.322 6.603 99.826 99.826 230.95 149.738 362.078 149.738s262.252-49.913 362.078-149.738c2.167-2.164 4.244-4.383 6.322-6.603l2.751-2.928c92.354-97.154 142.357-224.545 140.798-358.715-1.553-134.438-54.779-260.835-149.86-355.916z"
        ],
        "attrs": [],
        "isMulticolor": false,
        "isMulticolor2": false,
        "grid": 0,
        "tags": [
          "user"
        ],
        "colorPermutations": {}
      },
      "attrs": [],
      "properties": {
        "order": 10,
        "id": 0,
        "name": "user",
        "prevSize": 32,
        "code": 59648
      },
      "setIdx": 5,
      "setId": 2,
      "iconIdx": 0
    },
    {
      "icon": {
        "paths": [
          "M1024 590.444l-512-397.426-512 397.428v-162.038l512-397.426 512 397.428zM896 576v384h-256v-256h-256v256h-256v-384l384-288z"
        ],
        "tags": [
          "home",
          "house"
        ],
        "defaultCode": 59648,
        "grid": 16,
        "attrs": []
      },
      "attrs": [],
      "properties": {
        "ligatures": "home, house",
        "name": "home",
        "order": 2,
        "id": 1,
        "prevSize": 32,
        "code": 59649
      },
      "setIdx": 6,
      "setId": 1,
      "iconIdx": 0
    },
    {
      "icon": {
        "paths": [
          "M864 0c88.364 0 160 71.634 160 160 0 36.020-11.91 69.258-32 96l-64 64-224-224 64-64c26.742-20.090 59.978-32 96-32zM64 736l-64 288 288-64 592-592-224-224-592 592zM715.578 363.578l-448 448-55.156-55.156 448-448 55.156 55.156z"
        ],
        "tags": [
          "pencil",
          "write",
          "edit"
        ],
        "defaultCode": 59653,
        "grid": 16,
        "attrs": []
      },
      "attrs": [],
      "properties": {
        "ligatures": "pencil, write",
        "name": "edit",
        "order": 5,
        "id": 6,
        "prevSize": 32,
        "code": 59653
      },
      "setIdx": 6,
      "setId": 1,
      "iconIdx": 5
    },
    {
      "icon": {
        "paths": [
          "M512 0c-278.748 0-505.458 222.762-511.848 499.974 5.92-241.864 189.832-435.974 415.848-435.974 229.75 0 416 200.576 416 448 0 53.020 42.98 96 96 96s96-42.98 96-96c0-282.77-229.23-512-512-512zM512 1024c278.748 0 505.458-222.762 511.848-499.974-5.92 241.864-189.832 435.974-415.848 435.974-229.75 0-416-200.576-416-448 0-53.020-42.98-96-96-96s-96 42.98-96 96c0 282.77 229.23 512 512 512z"
        ],
        "tags": [
          "spinner",
          "loading",
          "loading-wheel",
          "busy",
          "wait"
        ],
        "defaultCode": 59778,
        "grid": 16,
        "attrs": []
      },
      "attrs": [],
      "properties": {
        "ligatures": "spinner9, loading10",
        "name": "spinner",
        "order": 6,
        "id": 131,
        "prevSize": 32,
        "code": 59778
      },
      "setIdx": 6,
      "setId": 1,
      "iconIdx": 130
    },
    {
      "icon": {
        "paths": [
          "M640 146.588v135.958c36.206 15.804 69.5 38.408 98.274 67.18 60.442 60.44 93.726 140.8 93.726 226.274s-33.286 165.834-93.726 226.274c-60.44 60.44-140.798 93.726-226.274 93.726s-165.834-33.286-226.274-93.726c-60.44-60.44-93.726-140.8-93.726-226.274s33.286-165.834 93.726-226.274c28.774-28.774 62.068-51.378 98.274-67.182v-135.956c-185.048 55.080-320 226.472-320 429.412 0 247.424 200.578 448 448 448 247.424 0 448-200.576 448-448 0-202.94-134.95-374.332-320-429.412zM448 0h128v512h-128z"
        ],
        "tags": [
          "switch"
        ],
        "defaultCode": 59830,
        "grid": 16,
        "attrs": []
      },
      "attrs": [],
      "properties": {
        "ligatures": "switch",
        "name": "switch",
        "order": 3,
        "id": 183,
        "prevSize": 32,
        "code": 59830
      },
      "setIdx": 6,
      "setId": 1,
      "iconIdx": 182
    },
    {
      "icon": {
        "paths": [
          "M928 128h-288c0-70.692-57.306-128-128-128-70.692 0-128 57.308-128 128h-288c-17.672 0-32 14.328-32 32v832c0 17.674 14.328 32 32 32h832c17.674 0 32-14.326 32-32v-832c0-17.672-14.326-32-32-32zM512 64c35.346 0 64 28.654 64 64s-28.654 64-64 64c-35.346 0-64-28.654-64-64s28.654-64 64-64zM896 960h-768v-768h128v96c0 17.672 14.328 32 32 32h448c17.674 0 32-14.328 32-32v-96h128v768z",
          "M448 858.51l-205.254-237.254 58.508-58.51 146.746 114.744 274.742-242.744 58.514 58.508z"
        ],
        "tags": [
          "clipboard",
          "board",
          "signup",
          "register",
          "agreement"
        ],
        "defaultCode": 59832,
        "grid": 16,
        "attrs": []
      },
      "attrs": [],
      "properties": {
        "ligatures": "clipboard, board",
        "name": "clipboard",
        "order": 8,
        "id": 185,
        "prevSize": 32,
        "code": 59832
      },
      "setIdx": 6,
      "setId": 1,
      "iconIdx": 184
    },
    {
      "icon": {
        "paths": [
          "M384 64h640v128h-640v-128zM384 448h640v128h-640v-128zM384 832h640v128h-640v-128zM0 128c0-70.692 57.308-128 128-128s128 57.308 128 128c0 70.692-57.308 128-128 128s-128-57.308-128-128zM0 512c0-70.692 57.308-128 128-128s128 57.308 128 128c0 70.692-57.308 128-128 128s-128-57.308-128-128zM0 896c0-70.692 57.308-128 128-128s128 57.308 128 128c0 70.692-57.308 128-128 128s-128-57.308-128-128z"
        ],
        "tags": [
          "list",
          "todo",
          "bullet",
          "menu",
          "options"
        ],
        "defaultCode": 59835,
        "grid": 16,
        "attrs": []
      },
      "attrs": [],
      "properties": {
        "ligatures": "list2, todo2",
        "name": "list",
        "order": 9,
        "id": 188,
        "prevSize": 32,
        "code": 59835
      },
      "setIdx": 6,
      "setId": 1,
      "iconIdx": 187
    },
    {
      "icon": {
        "paths": [
          "M665.832 327.048l-64.952-64.922-324.81 324.742c-53.814 53.792-53.814 141.048 0 194.844 53.804 53.792 141.060 53.792 194.874 0l389.772-389.708c89.714-89.662 89.714-235.062 0-324.726-89.666-89.704-235.112-89.704-324.782 0l-409.23 409.178c-0.29 0.304-0.612 0.576-0.876 0.846-125.102 125.096-125.102 327.856 0 452.906 125.054 125.056 327.868 125.056 452.988 0 0.274-0.274 0.516-0.568 0.82-0.876l0.032 0.034 279.332-279.292-64.986-64.92-279.33 279.262c-0.296 0.268-0.564 0.57-0.846 0.844-89.074 89.058-233.98 89.058-323.076 0-89.062-89.042-89.062-233.922 0-322.978 0.304-0.304 0.604-0.582 0.888-0.846l-0.046-0.060 409.28-409.166c53.712-53.738 141.144-53.738 194.886 0 53.712 53.734 53.712 141.148 0 194.84l-389.772 389.7c-17.936 17.922-47.054 17.922-64.972 0-17.894-17.886-17.894-47.032 0-64.92l324.806-324.782z"
        ],
        "tags": [
          "attachment",
          "paperclip"
        ],
        "defaultCode": 59853,
        "grid": 16,
        "attrs": []
      },
      "attrs": [],
      "properties": {
        "ligatures": "attachment, paperclip",
        "name": "attachment",
        "order": 7,
        "id": 206,
        "prevSize": 32,
        "code": 59853
      },
      "setIdx": 6,
      "setId": 1,
      "iconIdx": 205
    },
    {
      "icon": {
        "paths": [
          "M992 384h-352v-352c0-17.672-14.328-32-32-32h-192c-17.672 0-32 14.328-32 32v352h-352c-17.672 0-32 14.328-32 32v192c0 17.672 14.328 32 32 32h352v352c0 17.672 14.328 32 32 32h192c17.672 0 32-14.328 32-32v-352h352c17.672 0 32-14.328 32-32v-192c0-17.672-14.328-32-32-32z"
        ],
        "tags": [
          "plus",
          "add",
          "sum"
        ],
        "defaultCode": 59914,
        "grid": 16,
        "attrs": []
      },
      "attrs": [],
      "properties": {
        "ligatures": "plus, add",
        "name": "plus",
        "order": 15,
        "id": 267,
        "prevSize": 32,
        "code": 59914
      },
      "setIdx": 6,
      "setId": 1,
      "iconIdx": 266
    },
    {
      "icon": {
        "paths": [
          "M0 416v192c0 17.672 14.328 32 32 32h960c17.672 0 32-14.328 32-32v-192c0-17.672-14.328-32-32-32h-960c-17.672 0-32 14.328-32 32z"
        ],
        "tags": [
          "minus",
          "subtract",
          "minimize",
          "line"
        ],
        "defaultCode": 59915,
        "grid": 16,
        "attrs": []
      },
      "attrs": [],
      "properties": {
        "ligatures": "minus, subtract",
        "name": "minus",
        "order": 18,
        "id": 268,
        "prevSize": 32,
        "code": 59915
      },
      "setIdx": 6,
      "setId": 1,
      "iconIdx": 267
    },
    {
      "icon": {
        "paths": [
          "M1014.662 822.66c-0.004-0.004-0.008-0.008-0.012-0.010l-310.644-310.65 310.644-310.65c0.004-0.004 0.008-0.006 0.012-0.010 3.344-3.346 5.762-7.254 7.312-11.416 4.246-11.376 1.824-24.682-7.324-33.83l-146.746-146.746c-9.148-9.146-22.45-11.566-33.828-7.32-4.16 1.55-8.070 3.968-11.418 7.31 0 0.004-0.004 0.006-0.008 0.010l-310.648 310.652-310.648-310.65c-0.004-0.004-0.006-0.006-0.010-0.010-3.346-3.342-7.254-5.76-11.414-7.31-11.38-4.248-24.682-1.826-33.83 7.32l-146.748 146.748c-9.148 9.148-11.568 22.452-7.322 33.828 1.552 4.16 3.97 8.072 7.312 11.416 0.004 0.002 0.006 0.006 0.010 0.010l310.65 310.648-310.65 310.652c-0.002 0.004-0.006 0.006-0.008 0.010-3.342 3.346-5.76 7.254-7.314 11.414-4.248 11.376-1.826 24.682 7.322 33.83l146.748 146.746c9.15 9.148 22.452 11.568 33.83 7.322 4.16-1.552 8.070-3.97 11.416-7.312 0.002-0.004 0.006-0.006 0.010-0.010l310.648-310.65 310.648 310.65c0.004 0.002 0.008 0.006 0.012 0.008 3.348 3.344 7.254 5.762 11.414 7.314 11.378 4.246 24.684 1.826 33.828-7.322l146.746-146.748c9.148-9.148 11.57-22.454 7.324-33.83-1.552-4.16-3.97-8.068-7.314-11.414z"
        ],
        "tags": [
          "cross",
          "cancel",
          "close",
          "quit",
          "remove"
        ],
        "defaultCode": 59919,
        "grid": 16,
        "attrs": []
      },
      "attrs": [],
      "properties": {
        "ligatures": "cross, cancel",
        "name": "cross",
        "order": 17,
        "id": 272,
        "prevSize": 32,
        "code": 59919
      },
      "setIdx": 6,
      "setId": 1,
      "iconIdx": 271
    },
    {
      "icon": {
        "paths": [
          "M402.746 877.254l-320-320c-24.994-24.992-24.994-65.516 0-90.51l320-320c24.994-24.992 65.516-24.992 90.51 0 24.994 24.994 24.994 65.516 0 90.51l-210.746 210.746h613.49c35.346 0 64 28.654 64 64s-28.654 64-64 64h-613.49l210.746 210.746c12.496 12.496 18.744 28.876 18.744 45.254s-6.248 32.758-18.744 45.254c-24.994 24.994-65.516 24.994-90.51 0z"
        ],
        "tags": [
          "arrow-left",
          "left",
          "previous"
        ],
        "defaultCode": 59968,
        "grid": 16,
        "attrs": []
      },
      "attrs": [],
      "properties": {
        "ligatures": "arrow-left2, left4",
        "name": "arrow-left2",
        "order": 20,
        "id": 321,
        "prevSize": 32,
        "code": 59968
      },
      "setIdx": 6,
      "setId": 1,
      "iconIdx": 320
    },
    {
      "icon": {
        "paths": [
          "M522.2 438.8v175.6h290.4c-11.8 75.4-87.8 220.8-290.4 220.8-174.8 0-317.4-144.8-317.4-323.2s142.6-323.2 317.4-323.2c99.4 0 166 42.4 204 79l139-133.8c-89.2-83.6-204.8-134-343-134-283 0-512 229-512 512s229 512 512 512c295.4 0 491.6-207.8 491.6-500.2 0-33.6-3.6-59.2-8-84.8l-483.6-0.2z"
        ],
        "tags": [
          "google",
          "brand"
        ],
        "defaultCode": 60040,
        "grid": 16,
        "attrs": []
      },
      "attrs": [],
      "properties": {
        "name": "google",
        "ligatures": "google, brand2",
        "order": 19,
        "id": 393,
        "prevSize": 32,
        "code": 60040
      },
      "setIdx": 6,
      "setId": 1,
      "iconIdx": 392
    },
    {
      "icon": {
        "paths": [
          "M325.8 457.4v111.8h184.8c-7.4 48-55.8 140.6-184.8 140.6-111.2 0-202-92.2-202-205.8s90.8-205.8 202-205.8c63.4 0 105.6 27 129.8 50.2l88.4-85.2c-56.8-53-130.4-85.2-218.2-85.2-180.2 0.2-325.8 145.8-325.8 326s145.6 325.8 325.8 325.8c188 0 312.8-132.2 312.8-318.4 0-21.4-2.4-37.8-5.2-54h-307.6z",
          "M1024 448h-96v-96h-96v96h-96v96h96v96h96v-96h96z"
        ],
        "tags": [
          "google-plus",
          "brand",
          "social"
        ],
        "defaultCode": 60043,
        "grid": 16,
        "attrs": []
      },
      "attrs": [],
      "properties": {
        "ligatures": "google-plus, brand5",
        "name": "google-plus",
        "order": 16,
        "id": 396,
        "prevSize": 32,
        "code": 60043
      },
      "setIdx": 6,
      "setId": 1,
      "iconIdx": 395
    },
    {
      "icon": {
        "paths": [
          "M608 192h160v-192h-160c-123.514 0-224 100.486-224 224v96h-128v192h128v512h192v-512h160l32-192h-192v-96c0-17.346 14.654-32 32-32z"
        ],
        "tags": [
          "facebook",
          "brand",
          "social"
        ],
        "defaultCode": 60048,
        "grid": 16,
        "attrs": []
      },
      "attrs": [],
      "properties": {
        "ligatures": "facebook, brand10",
        "name": "facebook",
        "order": 11,
        "id": 401,
        "prevSize": 32,
        "code": 60048
      },
      "setIdx": 6,
      "setId": 1,
      "iconIdx": 400
    },
    {
      "icon": {
        "paths": [
          "M1024 226.4c-37.6 16.8-78.2 28-120.6 33 43.4-26 76.6-67.2 92.4-116.2-40.6 24-85.6 41.6-133.4 51-38.4-40.8-93-66.2-153.4-66.2-116 0-210 94-210 210 0 16.4 1.8 32.4 5.4 47.8-174.6-8.8-329.4-92.4-433-219.6-18 31-28.4 67.2-28.4 105.6 0 72.8 37 137.2 93.4 174.8-34.4-1-66.8-10.6-95.2-26.2 0 0.8 0 1.8 0 2.6 0 101.8 72.4 186.8 168.6 206-17.6 4.8-36.2 7.4-55.4 7.4-13.6 0-26.6-1.4-39.6-3.8 26.8 83.4 104.4 144.2 196.2 146-72 56.4-162.4 90-261 90-17 0-33.6-1-50.2-3 93.2 59.8 203.6 94.4 322.2 94.4 386.4 0 597.8-320.2 597.8-597.8 0-9.2-0.2-18.2-0.6-27.2 41-29.4 76.6-66.4 104.8-108.6z"
        ],
        "tags": [
          "twitter",
          "brand",
          "tweet",
          "social"
        ],
        "defaultCode": 60054,
        "grid": 16,
        "attrs": []
      },
      "attrs": [],
      "properties": {
        "ligatures": "twitter, brand16",
        "name": "twitter",
        "order": 12,
        "id": 407,
        "prevSize": 32,
        "code": 60054
      },
      "setIdx": 6,
      "setId": 1,
      "iconIdx": 406
    },
    {
      "icon": {
        "paths": [
          "M512.008 12.642c-282.738 0-512.008 229.218-512.008 511.998 0 226.214 146.704 418.132 350.136 485.836 25.586 4.738 34.992-11.11 34.992-24.632 0-12.204-0.48-52.542-0.696-95.324-142.448 30.976-172.504-60.41-172.504-60.41-23.282-59.176-56.848-74.916-56.848-74.916-46.452-31.778 3.51-31.124 3.51-31.124 51.4 3.61 78.476 52.766 78.476 52.766 45.672 78.27 119.776 55.64 149.004 42.558 4.588-33.086 17.852-55.68 32.506-68.464-113.73-12.942-233.276-56.85-233.276-253.032 0-55.898 20.004-101.574 52.76-137.428-5.316-12.9-22.854-64.972 4.952-135.5 0 0 43.006-13.752 140.84 52.49 40.836-11.348 84.636-17.036 128.154-17.234 43.502 0.198 87.336 5.886 128.256 17.234 97.734-66.244 140.656-52.49 140.656-52.49 27.872 70.528 10.35 122.6 5.036 135.5 32.82 35.856 52.694 81.532 52.694 137.428 0 196.654-119.778 239.95-233.79 252.624 18.364 15.89 34.724 47.046 34.724 94.812 0 68.508-0.596 123.644-0.596 140.508 0 13.628 9.222 29.594 35.172 24.566 203.322-67.776 349.842-259.626 349.842-485.768 0-282.78-229.234-511.998-511.992-511.998z"
        ],
        "tags": [
          "github",
          "brand",
          "octacat",
          "social"
        ],
        "defaultCode": 60080,
        "grid": 16,
        "attrs": []
      },
      "attrs": [],
      "properties": {
        "ligatures": "github, brand40",
        "name": "github",
        "order": 14,
        "id": 433,
        "prevSize": 32,
        "code": 60080
      },
      "setIdx": 6,
      "setId": 1,
      "iconIdx": 432
    }
  ],
  "height": 1024,
  "metadata": {
    "name": "PA",
    "designer": "Pulkit Aggarwal"
  },
  "preferences": {
    "showGlyphs": true,
    "showQuickUse": true,
    "showQuickUse2": true,
    "showSVGs": true,
    "fontPref": {
      "prefix": "icon-",
      "metadata": {
        "fontFamily": "PA",
        "majorVersion": 1,
        "minorVersion": 0,
        "designer": "Pulkit Aggarwal",
        "copyright": "Pulkit Aggarwal"
      },
      "metrics": {
        "emSize": 1024,
        "baseline": 6.25,
        "whitespace": 50
      },
      "embed": false,
      "ie7": false,
      "noie8": false,
      "includeMetadata": false,
      "showSelector": false,
      "selector": "i",
      "classSelector": ".icon",
      "showMetrics": false,
      "showMetadata": false,
      "showVersion": false
    },
    "imagePref": {
      "prefix": "icon-",
      "png": true,
      "useClassSelector": true,
      "color": 0,
      "bgColor": 16777215,
      "classSelector": ".icon"
    },
    "historySize": 50,
    "showCodes": true,
    "gridSize": 16
  }
}